groupid;onset;polx;oust;ruler;tiny;precon;petrol;instab;tekcon;conc;xpoor;havtek;polx2;xrich70;xrich80;polx_precon;oust_instab;tekcon_instab;petrol_polx_instab;petrol_polx;petrol_instab;polx_instab;nottiny;notruler;nottinynotruler;ntnr_polx_precon;ntnr_oust_instab;ntnr_tekcon_instab;ntnr_polx;ntnr_precon;ntnr_oust;ntnr_instab;ntnr_tekcon
IraKur2000;1;1;0;0;0;1;1;1;1;1;0;1;1;0;0;1;0;1;1;1;1;1;1;1;1;1;0;1;1;1;0;1;1
IraKur2001;1;1;0;0;0;1;1;1;1;1;0;1;1;0;0;1;0;1;1;1;1;1;1;1;1;1;0;1;1;1;0;1;1
IraKur1994;1;1;0;0;0;1;1;0;1;1;0;1;1;0;0;1;0;0;0;1;0;0;1;1;1;1;0;0;1;1;0;0;1
IraKur1991;1;1;0;0;0;1;1;0;1;1;0;1;1;0;0;1;0;0;0;1;0;0;1;1;1;1;0;0;1;1;0;0;1
IraKur1995;1;1;0;0;0;1;1;0;1;1;0;1;1;0;0;1;0;0;0;1;0;0;1;1;1;1;0;0;1;1;0;0;1
NigTua1995;1;1;1;0;0;1;0;1;0;1;1;1;1;0;0;1;1;0;0;0;0;1;1;1;1;1;1;0;1;1;1;1;0
AngCab1992;1;1;0;0;0;1;1;1;0;1;0;0;1;0;0;1;0;0;1;1;1;1;1;1;1;1;0;0;1;1;0;1;0
AngBak1992;1;1;0;0;0;1;1;1;0;1;0;1;1;0;0;1;0;0;1;1;1;1;1;1;1;1;0;0;1;1;0;1;0
IndAch1995;1;1;0;0;0;1;1;1;0;1;0;0;1;0;0;1;0;0;1;1;1;1;1;1;1;1;0;0;1;1;0;1;0
DjiAfa1998;1;0;0;0;0;1;0;1;1;1;0;1;0;0;0;0;0;1;0;0;0;0;1;1;1;0;0;1;0;1;0;1;1
RwaHut2005;1;1;0;0;0;1;0;0;1;0;1;1;1;0;0;1;0;0;0;0;0;0;1;1;1;1;0;0;1;1;0;0;1
ConLar2000;1;1;1;0;0;1;0;0;0;1;0;1;1;0;0;1;0;0;0;0;0;0;1;1;1;1;0;0;1;1;1;0;0
AngCab2005;1;1;0;0;0;1;1;0;0;1;0;0;1;0;0;1;0;0;0;1;0;0;1;1;1;1;0;0;1;1;0;0;0
AngCab1999;1;1;0;0;0;1;1;0;0;1;0;0;1;0;0;1;0;0;0;1;0;0;1;1;1;1;0;0;1;1;0;0;0
RusChe1997;1;1;0;0;0;1;1;0;0;1;0;0;1;0;0;1;0;0;0;1;0;0;1;1;1;1;0;0;1;1;0;0;0
IraShi1988;1;1;0;0;0;1;1;0;0;1;0;1;1;0;0;1;0;0;0;1;0;0;1;1;1;1;0;0;1;1;0;0;0
AngBak1999;1;1;0;0;0;1;1;0;0;1;0;1;1;0;0;1;0;0;0;1;0;0;1;1;1;1;0;0;1;1;0;0;0
IndAss1992;1;0;0;0;0;1;1;0;0;1;0;0;0;0;0;0;0;0;0;0;0;0;1;1;1;0;0;0;0;1;0;0;0
AzeArm1991;1;1;0;0;0;1;0;1;0;1;0;1;1;0;0;1;0;0;0;0;0;1;1;1;1;1;0;0;1;1;0;1;0
EthSom1990;1;1;0;0;0;1;0;1;0;1;1;1;1;0;0;1;0;0;0;0;0;1;1;1;1;1;0;0;1;1;0;1;0
DemTut2002;1;0;0;0;0;1;0;1;0;1;1;1;0;0;0;0;0;0;0;0;0;0;1;1;1;0;0;0;0;1;0;1;0
RwaHut1993;1;1;1;0;0;0;0;1;1;0;1;1;1;0;0;0;1;1;0;0;0;1;1;1;1;0;1;1;1;0;1;1;1
TajUzb1994;1;1;0;0;0;0;1;1;1;1;0;1;1;0;0;0;0;1;1;1;1;1;1;1;1;0;0;1;1;0;0;1;1
AfgPas1991;1;1;1;0;0;0;1;1;0;1;0;1;0;0;0;0;1;0;1;1;1;1;1;1;1;0;1;0;1;0;1;1;0
UniCat1995;1;1;0;0;0;1;0;0;0;1;0;1;1;1;1;1;0;0;0;0;0;0;1;1;1;1;0;0;1;1;0;0;0
IndEas1990;1;1;0;0;0;1;0;0;0;1;0;0;1;0;0;1;0;0;0;0;0;0;1;1;1;1;0;0;1;1;0;0;0
IndEas1993;1;1;0;0;0;1;0;0;0;1;0;0;1;0;0;1;0;0;0;0;0;0;1;1;1;1;0;0;1;1;0;0;0
IndMan1989;1;1;0;0;0;1;0;0;0;1;0;0;0;0;0;1;0;0;0;0;0;0;1;1;1;1;0;0;1;1;0;0;0
GeoOss2004;1;1;0;0;0;1;0;0;0;1;0;1;1;0;0;1;0;0;0;0;0;0;1;1;1;1;0;0;1;1;0;0;0
MyaMus1987;1;1;0;0;0;1;0;0;0;1;1;0;1;0;0;1;0;0;0;0;0;0;1;1;1;1;0;0;1;1;0;0;0
MyaMon1994;1;1;0;0;0;1;0;0;0;1;1;0;1;0;0;1;0;0;0;0;0;0;1;1;1;1;0;0;1;1;0;0;0
SpaBas1988;1;1;0;0;0;1;0;0;0;1;0;1;0;1;1;1;0;0;0;0;0;0;1;1;1;1;0;0;1;1;0;0;0
MyaKay1993;1;1;0;0;0;1;0;0;0;1;1;0;1;0;0;1;0;0;0;0;0;0;1;1;1;1;0;0;1;1;0;0;0
IsrPal1997;1;1;0;0;0;1;0;0;0;1;0;1;1;1;1;1;0;0;0;0;0;0;1;1;1;1;0;0;1;1;0;0;0
PakMoh1991;1;1;0;0;0;1;0;0;0;0;0;1;1;0;0;1;0;0;0;0;0;0;1;1;1;1;0;0;1;1;0;0;0
GeoOss2000;1;1;0;0;0;1;0;0;0;1;0;1;1;0;0;1;0;0;0;0;0;0;1;1;1;1;0;0;1;1;0;0;0
MyaSha2003;1;1;0;0;0;1;0;0;0;1;0;1;1;0;0;1;0;0;0;0;0;0;1;1;1;1;0;0;1;1;0;0;0
IndNag2001;1;1;0;0;0;1;0;0;0;1;0;0;0;0;0;1;0;0;0;0;0;0;1;1;1;1;0;0;1;1;0;0;0
IndMan2001;1;1;0;0;0;1;0;0;0;1;0;0;0;0;0;1;0;0;0;0;0;0;1;1;1;1;0;0;1;1;0;0;0
IndNag1998;1;1;0;0;0;1;0;0;0;1;0;0;0;0;0;1;0;0;0;0;0;0;1;1;1;1;0;0;1;1;0;0;0
EthSom1997;1;1;0;0;0;1;0;0;0;1;1;1;1;0;0;1;0;0;0;0;0;0;1;1;1;1;0;0;1;1;0;0;0
IndInd1989;1;1;0;0;0;1;0;0;0;1;0;0;0;0;0;1;0;0;0;0;0;0;1;1;1;1;0;0;1;1;0;0;0
IndBod2005;1;1;0;0;0;1;0;0;0;1;0;0;0;0;0;1;0;0;0;0;0;0;1;1;1;1;0;0;1;1;0;0;0
AzeArm2001;1;1;0;0;0;1;0;0;0;1;0;1;1;0;0;1;0;0;0;0;0;0;1;1;1;1;0;0;1;1;0;0;0
MyaSha1989;1;1;0;0;0;1;0;0;0;1;1;1;1;0;0;1;0;0;0;0;0;0;1;1;1;1;0;0;1;1;0;0;0
PhiMor1991;1;1;0;0;0;1;0;0;0;1;0;0;0;0;0;1;0;0;0;0;0;0;1;1;1;1;0;0;1;1;0;0;0
IndBod1991;1;1;0;0;0;1;0;0;0;1;0;0;1;0;0;1;0;0;0;0;0;0;1;1;1;1;0;0;1;1;0;0;0
AfgUzb1992;1;0;1;0;0;0;1;1;0;1;0;1;0;0;0;0;1;0;0;0;1;0;1;1;1;0;1;0;0;0;1;1;0
IraSun2000;1;0;1;0;0;0;1;1;0;1;0;1;0;0;0;0;1;0;0;0;1;0;1;1;1;0;1;0;0;0;1;1;0
EthOro1996;1;0;0;0;0;1;0;0;0;1;1;0;0;0;0;0;0;0;0;0;0;0;1;1;1;0;0;0;0;1;0;0;0
EriOth2000;1;0;0;0;0;1;0;0;0;1;0;0;0;0;0;0;0;0;0;0;0;0;1;1;1;0;0;0;0;1;0;0;0
MexInd1990;1;1;0;0;0;0;1;0;1;1;0;1;1;0;0;0;0;0;0;1;0;0;1;1;1;0;0;0;1;0;0;0;1
NigTua1987;1;1;0;0;0;0;0;1;1;1;1;1;1;0;0;0;0;1;0;0;0;1;1;1;1;0;0;1;1;0;0;1;1
DemTut1992;1;1;0;0;0;0;0;1;1;1;1;1;1;0;0;0;0;1;0;0;0;1;1;1;1;0;0;1;1;0;0;1;1
EthAfa1992;1;1;0;0;0;0;0;1;1;1;1;1;1;0;0;0;0;1;0;0;0;1;1;1;1;0;0;1;1;0;0;1;1
IraBal2002;1;1;0;0;0;0;0;1;1;1;0;1;1;0;0;0;0;1;0;0;0;1;1;1;1;0;0;1;1;0;0;1;1
CroSer1991;1;1;0;0;0;0;0;1;1;1;0;1;1;1;0;0;0;1;0;0;0;1;1;1;1;0;0;1;1;0;0;1;1
DemBak2003;1;1;0;0;0;0;0;1;1;1;1;1;1;0;0;0;0;1;0;0;0;1;1;1;1;0;0;1;1;0;0;1;1
BosSer1992;1;1;0;0;0;0;0;1;1;1;0;1;1;0;0;0;0;1;0;0;0;1;1;1;1;0;0;1;1;0;0;1;1
MyaKar2001;1;1;0;0;1;1;0;0;0;1;0;0;1;0;0;1;0;0;0;0;0;0;0;1;0;0;0;0;0;0;0;0;0
MyaKar1993;1;1;0;0;1;1;0;0;0;1;1;0;1;0;0;1;0;0;0;0;0;0;0;1;0;0;0;0;0;0;0;0;0
MyaKar1988;1;1;0;0;1;1;0;0;0;1;1;0;1;0;0;1;0;0;0;0;0;0;0;1;0;0;0;0;0;0;0;0;0
AngBak1987;1;1;0;0;0;0;1;1;0;1;0;1;1;0;0;0;0;0;1;1;1;1;1;1;1;0;0;0;1;0;0;1;0
RusAze1986;1;1;0;0;0;0;1;1;0;1;0;1;0;0;0;0;0;0;1;1;1;1;1;1;1;0;0;0;1;0;0;1;0
RusChe1991;1;1;0;0;0;0;1;1;0;1;0;0;1;1;0;0;0;0;1;1;1;1;1;1;1;0;0;0;1;0;0;1;0
AngCab1987;1;1;0;0;0;0;1;1;0;1;0;0;1;0;0;0;0;0;1;1;1;1;1;1;1;0;0;0;1;0;0;1;0
BosCro1992;1;0;0;0;0;0;0;1;1;1;0;1;0;0;0;0;0;1;0;0;0;0;1;1;1;0;0;1;0;0;0;1;1
ConLar1994;1;0;1;0;0;0;0;1;0;1;0;1;0;0;0;0;1;0;0;0;0;0;1;1;1;0;1;0;0;0;1;1;0
AfgTaj1992;1;0;1;0;0;0;0;1;0;1;0;1;0;0;0;0;1;0;0;0;0;0;1;1;1;0;1;0;0;0;1;1;0
PakMoh1986;1;0;1;0;0;0;0;1;0;0;0;1;0;0;0;0;1;0;0;0;0;0;1;1;1;0;1;0;0;0;1;1;0
IndAch1986;1;1;0;0;0;0;1;0;0;1;0;0;1;0;0;0;0;0;0;1;0;0;1;1;1;0;0;0;1;0;0;0;0
NigIja2000;1;1;0;0;0;0;1;0;0;1;0;0;1;0;0;0;0;0;0;1;0;0;1;1;1;0;0;0;1;0;0;0;0
PakBal2000;1;1;0;0;0;0;1;0;0;1;0;1;1;0;0;0;0;0;0;1;0;0;1;1;1;0;0;0;1;0;0;0;0
MacAlb1997;1;0;0;0;0;0;0;0;1;1;0;1;0;0;0;0;0;0;0;0;0;0;1;1;1;0;0;0;0;0;0;0;1
IndAss1986;1;0;0;0;0;0;1;0;0;1;0;0;0;0;0;0;0;0;0;0;0;0;1;1;1;0;0;0;0;0;0;0;0
YemSou1990;1;0;0;1;0;0;1;1;0;1;0;1;0;0;0;0;0;0;0;0;1;0;1;0;0;0;0;0;0;0;0;0;0
IvoNor1998;1;1;0;0;0;0;0;1;0;1;0;1;1;0;0;0;0;0;0;0;0;1;1;1;1;0;0;0;1;0;0;1;0
GeoAbk1991;1;1;0;0;0;0;0;1;0;1;0;0;1;0;0;0;0;0;0;0;0;1;1;1;1;0;0;0;1;0;0;1;0
GeoOss1991;1;1;0;0;0;0;0;1;0;1;0;1;1;0;0;0;0;0;0;0;0;1;1;1;1;0;0;0;1;0;0;1;0
RusArm1986;1;1;0;0;0;0;0;1;0;1;0;1;0;0;0;0;0;0;0;0;0;1;1;1;1;0;0;0;1;0;0;1;0
SudFur1999;1;1;0;0;0;0;0;1;0;1;0;0;1;0;0;0;0;0;0;0;0;1;1;1;1;0;0;0;1;0;0;1;0
ChaSar1988;1;0;0;0;0;0;0;1;0;1;0;1;0;0;0;0;0;0;0;0;0;0;1;1;1;0;0;0;0;0;0;1;0
EriOth1993;1;0;0;0;0;0;0;1;0;1;1;0;0;0;0;0;0;0;0;0;0;0;1;1;1;0;0;0;0;0;0;1;0
MalAra1990;1;0;0;0;0;0;0;1;0;1;1;1;0;0;0;0;0;0;0;0;0;0;1;1;1;0;0;0;0;0;0;1;0
RusCau2003;1;1;0;0;0;0;0;0;0;1;0;1;0;0;0;0;0;0;0;0;0;0;1;1;1;0;0;0;1;0;0;0;0
RwaTut1986;1;1;0;0;0;0;0;0;0;0;1;1;1;0;0;0;0;0;0;0;0;0;1;1;1;0;0;0;1;0;0;0;0
YugAlb1994;1;1;0;0;0;0;0;0;0;1;0;1;1;0;0;0;0;0;0;0;0;0;1;1;1;0;0;0;1;0;0;0;0
ThaMal1999;1;1;0;0;0;0;0;0;0;1;0;1;0;0;0;0;0;0;0;0;0;0;1;1;1;0;0;0;1;0;0;0;0
DjiAfa1987;1;1;0;0;0;0;0;0;0;1;0;1;1;0;0;0;0;0;0;0;0;0;1;1;1;0;0;0;1;0;0;0;0
MalTua1986;1;1;0;0;0;0;0;0;0;1;1;1;1;0;0;0;0;0;0;0;0;0;1;1;1;0;0;0;1;0;0;0;0
NepDal1992;1;1;0;0;0;0;0;0;0;0;1;0;1;0;0;0;0;0;0;0;0;0;1;1;1;0;0;0;1;0;0;0;0
BurHut1987;1;1;0;0;0;0;0;0;0;0;1;1;1;0;0;0;0;0;0;0;0;0;1;1;1;0;0;0;1;0;0;0;0
MyaMon1986;1;1;0;0;0;0;0;0;0;1;1;0;1;0;0;0;0;0;0;0;0;0;1;1;1;0;0;0;1;0;0;0;0
IndNag1988;1;1;0;0;0;0;0;0;0;1;0;0;0;0;0;0;0;0;0;0;0;0;1;1;1;0;0;0;1;0;0;0;0
SenDio1986;1;0;0;0;0;0;0;0;0;1;0;1;0;0;0;0;0;0;0;0;0;0;1;1;1;0;0;0;0;0;0;0;0
NepAdi1992;1;0;0;0;0;0;0;0;0;0;1;1;0;0;0;0;0;0;0;0;0;0;1;1;1;0;0;0;0;0;0;0;0
CenYak1997;1;0;0;0;0;0;0;0;0;1;1;0;0;0;0;0;0;0;0;0;0;0;1;1;1;0;0;0;0;0;0;0;0
MalTua2003;1;0;0;0;0;0;0;0;0;1;0;1;0;0;0;0;0;0;0;0;0;0;1;1;1;0;0;0;0;0;0;0;0
NigTou1991;1;1;0;0;1;0;0;1;0;1;1;1;1;0;0;0;0;0;0;0;0;1;0;1;0;0;0;0;0;0;0;0;0
MyaWa1993;1;1;0;0;1;0;0;0;0;1;1;1;0;0;0;0;0;0;0;0;0;0;0;1;0;0;0;0;0;0;0;0;0
YugCro1987;1;0;0;1;0;0;0;0;0;1;0;1;0;0;0;0;0;0;0;0;0;0;1;0;0;0;0;0;0;0;0;0;0
YugSlo1987;1;0;0;1;0;0;0;0;0;1;0;1;0;0;0;0;0;0;0;0;0;0;1;0;0;0;0;0;0;0;0;0;0
YemSou2000;0;0;0;0;0;1;1;0;0;1;0;1;0;0;0;0;0;0;0;0;0;0;1;1;1;0;0;0;0;1;0;0;0
SouAsi1992;0;0;0;0;0;1;0;1;0;0;0;0;0;0;0;0;0;0;0;0;0;0;1;1;1;0;0;0;0;1;0;1;0
AlgBer1992;0;1;0;0;0;0;1;1;1;1;0;1;1;0;0;0;0;1;1;1;1;1;1;1;1;0;0;1;1;0;0;1;1
SpaBas1997;0;1;0;0;0;1;0;0;0;1;0;1;0;1;1;1;0;0;0;0;0;0;1;1;1;1;0;0;1;1;0;0;0
IndPap1990;0;1;0;0;0;1;0;0;0;1;0;1;1;0;0;1;0;0;0;0;0;0;1;1;1;1;0;0;1;1;0;0;0
EthAfa2000;0;1;0;0;0;1;0;0;0;1;1;1;1;0;0;1;0;0;0;0;0;0;1;1;1;1;0;0;1;1;0;0;0
LibGio1998;0;0;0;0;0;1;0;0;0;1;1;1;0;0;0;0;0;0;0;0;0;0;1;1;1;0;0;0;0;1;0;0;0
PakMoh2000;0;0;0;0;0;1;0;0;0;0;0;1;0;0;0;0;0;0;0;0;0;0;1;1;1;0;0;0;0;1;0;0;0
LebMar1998;0;0;0;1;0;1;0;1;0;1;0;1;0;0;0;0;0;0;0;0;0;0;1;0;0;0;0;0;0;0;0;0;0
IraAra1993;0;1;0;0;0;0;1;0;1;1;0;1;1;0;0;0;0;0;0;1;0;0;1;1;1;0;0;0;1;0;0;0;1
PakPas2002;0;0;0;0;0;0;1;0;1;1;0;1;0;0;0;0;0;0;0;0;0;0;1;1;1;0;0;0;0;0;0;0;1
AfgBal2004;0;1;0;0;0;0;0;1;1;1;1;1;0;0;0;0;0;1;0;0;0;1;1;1;1;0;0;1;1;0;0;1;1
UgaBan1990;0;1;0;0;0;0;0;1;1;1;1;1;1;0;0;0;0;1;0;0;0;1;1;1;1;0;0;1;1;0;0;1;1
SloCro1991;0;1;0;0;0;0;0;1;1;0;0;1;1;1;0;0;0;1;0;0;0;1;1;1;1;0;0;1;1;0;0;1;1
NigTou2001;0;1;0;0;1;1;0;0;0;1;1;1;1;0;0;1;0;0;0;0;0;0;0;1;0;0;0;0;0;0;0;0;0
NicSum1998;0;1;0;0;1;1;0;0;0;1;0;0;1;0;0;1;0;0;0;0;0;0;0;1;0;0;0;0;0;0;0;0;0
EthTig1996;0;0;0;1;0;1;0;0;0;1;1;0;0;0;0;0;0;0;0;0;0;0;1;0;0;0;0;0;0;0;0;0;0
ConNib1996;0;1;1;0;0;0;0;1;0;1;0;0;1;0;0;0;1;0;0;0;0;1;1;1;1;0;1;0;1;0;1;1;0
DemMba1996;0;1;1;0;0;0;0;1;0;1;1;0;1;0;0;0;1;0;0;0;0;1;1;1;1;0;1;0;1;0;1;1;0
NigHau1994;0;1;1;0;0;0;0;1;0;1;1;1;1;0;0;0;1;0;0;0;0;1;1;1;1;0;1;0;1;0;1;1;0
CamKhm1991;0;1;1;0;0;0;0;1;0;0;1;0;1;0;0;0;1;0;0;0;0;1;1;1;1;0;1;0;1;0;1;1;0
PerInd1993;0;1;0;0;0;0;1;1;0;1;0;0;1;0;0;0;0;0;1;1;1;1;1;1;1;0;0;0;1;0;0;1;0
KazRus1991;0;0;1;0;0;0;0;1;0;1;0;1;0;0;0;0;1;0;0;0;0;0;1;1;1;0;1;0;0;0;1;1;0
GabEsh1987;0;0;0;0;0;0;1;1;0;1;0;0;0;0;0;0;0;0;0;0;1;0;1;1;1;0;0;0;0;0;0;1;0
HonInd1991;0;1;0;0;0;0;0;0;1;1;0;1;1;0;0;0;0;0;0;0;0;0;1;1;1;0;0;0;1;0;0;0;1
FraBas1988;0;1;0;0;0;0;0;0;1;1;0;1;1;1;1;0;0;0;0;0;0;0;1;1;1;0;0;0;1;0;0;0;1
AusSlo1991;0;1;0;0;0;0;0;0;1;1;0;1;1;1;1;0;0;0;0;0;0;0;1;1;1;0;0;0;1;0;0;0;1
SloHun2005;0;1;1;0;0;0;0;0;0;1;0;1;1;1;0;0;0;0;0;0;0;0;1;1;1;0;0;0;1;0;1;0;0
ColInd1994;0;1;0;0;0;0;1;0;0;1;0;1;0;0;0;0;0;0;0;1;0;0;1;1;1;0;0;0;1;0;0;0;0
PakSin2001;0;1;0;0;0;0;1;0;0;1;0;0;1;0;0;0;0;0;0;1;0;0;1;1;1;0;0;0;1;0;0;0;0
EcuInd2002;0;1;0;0;0;0;1;0;0;1;0;1;0;0;0;0;0;0;0;1;0;0;1;1;1;0;0;0;1;0;0;0;0
AlgBer1999;0;1;0;0;0;0;1;0;0;1;0;1;1;0;0;0;0;0;0;1;0;0;1;1;1;0;0;0;1;0;0;0;0
ChiTib1986;0;1;0;0;0;0;1;0;0;1;0;0;0;0;0;0;0;0;0;1;0;0;1;1;1;0;0;0;1;0;0;0;0
IndMal2002;0;1;0;0;0;0;1;0;0;1;0;1;0;0;0;0;0;0;0;1;0;0;1;1;1;0;0;0;1;0;0;0;0
BraAfr1996;0;1;0;0;0;0;1;0;0;1;0;0;1;0;0;0;0;0;0;1;0;0;1;1;1;0;0;0;1;0;0;0;0
PerQue1994;0;1;0;0;0;0;1;0;0;1;0;1;1;0;0;0;0;0;0;1;0;0;1;1;1;0;0;0;1;0;0;0;0
ArgInd1995;0;1;0;0;0;0;1;0;0;1;0;1;1;0;0;0;0;0;0;1;0;0;1;1;1;0;0;0;1;0;0;0;0
SyrSun1993;0;1;0;0;0;0;1;0;0;1;0;1;1;0;0;0;0;0;0;1;0;0;1;1;1;0;0;0;1;0;0;0;0
MauHar1990;0;0;0;0;0;0;0;0;1;1;0;1;0;0;0;0;0;0;0;0;0;0;1;1;1;0;0;0;0;0;0;0;1
ThaSha1989;0;1;0;0;1;0;0;1;1;1;0;1;1;0;0;0;0;1;0;0;0;1;0;1;0;0;0;0;0;0;0;0;0
BurTut2000;0;0;0;1;0;0;0;1;1;0;1;1;0;0;0;0;0;1;0;0;0;0;1;0;0;0;0;0;0;0;0;0;0
KenLuo2004;0;0;1;0;0;0;0;0;0;1;0;1;0;0;0;0;0;0;0;0;0;0;1;1;1;0;0;0;0;0;1;0;0
IndOth2003;0;0;0;0;0;0;1;0;0;1;0;1;0;0;0;0;0;0;0;0;0;0;1;1;1;0;0;0;0;0;0;0;0
NigIgb2004;0;0;0;0;0;0;1;0;0;1;0;0;0;0;0;0;0;0;0;0;0;0;1;1;1;0;0;0;0;0;0;0;0
IndBen1997;0;0;0;0;0;0;1;0;0;1;0;1;0;0;0;0;0;0;0;0;0;0;1;1;1;0;0;0;0;0;0;0;0
PakSin1990;0;0;0;0;0;0;1;0;0;1;0;0;0;0;0;0;0;0;0;0;0;0;1;1;1;0;0;0;0;0;0;0;0
RusKal1989;0;1;0;0;1;0;1;1;0;1;0;0;0;0;0;0;0;0;1;1;1;1;0;1;0;0;0;0;0;0;0;0;0
NigOgo1997;0;1;0;0;1;0;1;1;0;1;0;0;1;0;0;0;0;0;1;1;1;1;0;1;0;0;0;0;0;0;0;0;0
RusRus1986;0;0;0;1;0;0;1;1;0;1;0;1;0;0;0;0;0;0;0;0;1;0;1;0;0;0;0;0;0;0;0;0;0
RusMol1986;0;1;0;0;0;0;0;1;0;1;0;0;0;0;0;0;0;0;0;0;0;1;1;1;1;0;0;0;1;0;0;1;0
CamVie1996;0;1;0;0;0;0;0;1;0;1;0;1;1;0;0;0;0;0;0;0;0;1;1;1;1;0;0;0;1;0;0;1;0
KazUkr1991;0;1;0;0;0;0;0;1;0;0;0;1;1;0;0;0;0;0;0;0;0;1;1;1;1;0;0;0;1;0;0;1;0
LebPro2002;0;1;0;0;0;0;0;1;0;0;0;0;1;0;0;0;0;0;0;0;0;1;1;1;1;0;0;0;1;0;0;1;0
LebPal2001;0;1;0;0;0;0;0;1;0;1;0;1;1;0;0;0;0;0;0;0;0;1;1;1;1;0;0;0;1;0;0;1;0
YugRom2003;0;1;0;0;0;0;0;1;0;0;0;1;1;1;0;0;0;0;0;0;0;1;1;1;1;0;0;0;1;0;0;1;0
GuiMal1995;0;1;0;0;0;0;0;1;0;1;1;1;1;0;0;0;0;0;0;0;0;1;1;1;1;0;0;0;1;0;0;1;0
UzbRus1991;0;1;0;0;0;0;0;1;0;0;0;1;1;0;0;0;0;0;0;0;0;1;1;1;1;0;0;0;1;0;0;1;0
NamHim1990;0;1;0;0;0;0;0;1;0;1;0;0;1;0;0;0;0;0;0;0;0;1;1;1;1;0;0;0;1;0;0;1;0
KazGer1991;0;1;0;0;0;0;0;1;0;0;0;1;1;0;0;0;0;0;0;0;0;1;1;1;1;0;0;0;1;0;0;1;0
LatBye1991;0;1;0;0;0;0;0;1;0;1;0;1;1;0;0;0;0;0;0;0;0;1;1;1;1;0;0;0;1;0;0;1;0
LibKra1997;0;1;0;0;0;0;0;1;0;1;1;1;1;0;0;0;0;0;0;0;0;1;1;1;1;0;0;0;1;0;0;1;0
RusJew1986;0;1;0;0;0;0;0;1;0;0;0;1;1;0;0;0;0;0;0;0;0;1;1;1;1;0;0;0;1;0;0;1;0
MacSer1991;0;1;0;0;0;0;0;1;0;0;0;1;1;0;0;0;0;0;0;0;0;1;1;1;1;0;0;0;1;0;0;1;0
PakAhm2003;0;1;0;0;0;0;0;1;0;0;0;0;1;0;0;0;0;0;0;0;0;1;1;1;1;0;0;0;1;0;0;1;0
UzbTaj1991;0;1;0;0;0;0;0;1;0;1;0;1;1;0;0;0;0;0;0;0;0;1;1;1;1;0;0;0;1;0;0;1;0
KazTat1991;0;1;0;0;0;0;0;1;0;0;0;1;1;0;0;0;0;0;0;0;0;1;1;1;1;0;0;0;1;0;0;1;0
DemLul1996;0;1;0;0;0;0;0;1;0;1;1;0;1;0;0;0;0;0;0;0;0;1;1;1;1;0;0;0;1;0;0;1;0
IraTur1996;0;1;0;0;0;0;0;1;0;1;0;1;1;0;0;0;0;0;0;0;0;1;1;1;1;0;0;0;1;0;0;1;0
AfgTur2002;0;1;0;0;0;0;0;1;0;1;1;1;0;0;0;0;0;0;0;0;0;1;1;1;1;0;0;0;1;0;0;1;0
TurKaz1991;0;1;0;0;0;0;0;1;0;0;0;1;1;1;0;0;0;0;0;0;0;1;1;1;1;0;0;0;1;0;0;1;0
LebPal1995;0;1;0;0;0;0;0;1;0;1;0;1;1;0;0;0;0;0;0;0;0;1;1;1;1;0;0;0;1;0;0;1;0
AngOvi1995;0;1;0;0;0;0;0;1;0;1;0;1;1;0;0;0;0;0;0;0;0;1;1;1;1;0;0;0;1;0;0;1;0
ConMbo1995;0;1;0;0;0;0;0;1;0;1;0;0;1;0;0;0;0;0;0;0;0;1;1;1;1;0;0;0;1;0;0;1;0
LebAla1996;0;1;0;0;0;0;0;1;0;1;0;1;1;0;0;0;0;0;0;0;0;1;1;1;1;0;0;0;1;0;0;1;0
BosRom1992;0;1;0;0;0;0;0;1;0;0;0;1;1;0;0;0;0;0;0;0;0;1;1;1;1;0;0;0;1;0;0;1;0
CzeHun1988;0;1;0;0;0;0;0;1;0;1;0;1;1;0;0;0;0;0;0;0;0;1;1;1;1;0;0;0;1;0;0;1;0
TanShi1993;0;1;0;0;0;0;0;1;0;1;1;0;0;0;0;0;0;0;0;0;0;1;1;1;1;0;0;0;1;0;0;1;0
MolBul1991;0;1;0;0;0;0;0;1;0;0;0;0;1;0;0;0;0;0;0;0;0;1;1;1;1;0;0;0;1;0;0;1;0
BanBen2005;0;1;0;0;0;0;0;1;0;0;0;1;1;0;0;0;0;0;0;0;0;1;1;1;1;0;0;0;1;0;0;1;0
IndMad1999;0;1;0;0;0;0;0;1;0;1;0;0;0;0;0;0;0;0;0;0;0;1;1;1;1;0;0;0;1;0;0;1;0
NicAfr1988;0;1;0;0;0;0;0;1;0;1;0;0;1;0;0;0;0;0;0;0;0;1;1;1;1;0;0;0;1;0;0;1;0
MalKad2005;0;1;0;0;0;0;0;1;0;1;0;0;0;0;0;0;0;0;0;0;0;1;1;1;1;0;0;0;1;0;0;1;0
KenKik1997;0;1;0;0;0;0;0;1;0;1;0;0;1;0;0;0;0;0;0;0;0;1;1;1;1;0;0;0;1;0;0;1;0
SudOth2000;0;1;0;0;0;0;0;1;0;1;0;1;1;0;0;0;0;0;0;0;0;1;1;1;1;0;0;0;1;0;0;1;0
RusGer1986;0;1;0;0;0;0;0;1;0;0;0;1;1;0;0;0;0;0;0;0;0;1;1;1;1;0;0;0;1;0;0;1;0
EstRus1991;0;1;0;0;0;0;0;1;0;0;0;1;1;0;0;0;0;0;0;0;0;1;1;1;1;0;0;0;1;0;0;1;0
DemAza1991;0;1;0;0;0;0;0;1;0;1;1;1;1;0;0;0;0;0;0;0;0;1;1;1;1;0;0;0;1;0;0;1;0
DemTet1993;0;1;0;0;0;0;0;1;0;1;1;0;1;0;0;0;0;0;0;0;0;1;1;1;1;0;0;0;1;0;0;1;0
GeoAze1991;0;1;0;0;0;0;0;1;0;1;0;1;1;0;0;0;0;0;0;0;0;1;1;1;1;0;0;0;1;0;0;1;0
LebPro1993;0;1;0;0;0;0;0;1;0;0;0;0;1;0;0;0;0;0;0;0;0;1;1;1;1;0;0;0;1;0;0;1;0
DemMon2001;0;1;0;0;0;0;0;1;0;1;1;0;1;0;0;0;0;0;0;0;0;1;1;1;1;0;0;0;1;0;0;1;0
ParTup1987;0;1;0;0;0;0;0;1;0;1;0;1;1;0;0;0;0;0;0;0;0;1;1;1;1;0;0;0;1;0;0;1;0
CenSar1994;0;0;0;1;0;0;0;0;1;1;1;1;0;0;0;0;0;0;0;0;0;0;1;0;0;0;0;0;0;0;0;0;0
MauWhi1990;0;0;0;1;0;0;0;0;1;1;0;1;0;0;0;0;0;0;0;0;0;0;1;0;0;0;0;0;0;0;0;0;0
LibMan2004;0;0;0;0;0;0;0;1;0;1;1;1;0;0;0;0;0;0;0;0;0;0;1;1;1;0;0;0;0;0;0;1;0
ZamLoz1996;0;0;0;0;0;0;0;1;0;1;0;0;0;0;0;0;0;0;0;0;0;0;1;1;1;0;0;0;0;0;0;1;0
ZamLoz1988;0;0;0;0;0;0;0;1;0;1;0;0;0;0;0;0;0;0;0;0;0;0;1;1;1;0;0;0;0;0;0;1;0
IvoOth1996;0;0;0;0;0;0;0;1;0;1;0;0;0;0;0;0;0;0;0;0;0;0;1;1;1;0;0;0;0;0;0;1;0
GuiBal1992;0;0;0;0;0;0;0;1;0;1;0;0;0;0;0;0;0;0;0;0;0;0;1;1;1;0;0;0;0;0;0;1;0
GabMyè1989;0;0;0;0;0;0;0;1;0;1;0;0;0;1;0;0;0;0;0;0;0;0;1;1;1;0;0;0;0;0;0;1;0
IvoOth2000;0;0;0;0;0;0;0;1;0;1;0;0;0;0;0;0;0;0;0;0;0;0;1;1;1;0;0;0;0;0;0;1;0
GhaNor1990;0;0;0;0;0;0;0;1;0;1;0;0;0;0;0;0;0;0;0;0;0;0;1;1;1;0;0;0;0;0;0;1;0
MacAlb1991;0;0;0;0;0;0;0;1;0;1;0;1;0;0;0;0;0;0;0;0;0;0;1;1;1;0;0;0;0;0;0;1;0
GhaGa-1989;0;0;0;0;0;0;0;1;0;1;0;0;0;0;0;0;0;0;0;0;0;0;1;1;1;0;0;0;0;0;0;1;0
KenKis1996;0;0;0;0;0;0;0;1;0;1;0;0;0;0;0;0;0;0;0;0;0;0;1;1;1;0;0;0;0;0;0;1;0
GuiMan1993;0;0;0;0;0;0;0;1;0;1;0;0;0;0;0;0;0;0;0;0;0;0;1;1;1;0;0;0;0;0;0;1;0
CamCha1995;0;0;0;0;0;0;0;1;0;1;0;1;0;0;0;0;0;0;0;0;0;0;1;1;1;0;0;0;0;0;0;1;0
BenNor1988;0;0;0;0;0;0;0;1;0;1;0;0;0;0;0;0;0;0;0;0;0;0;1;1;1;0;0;0;0;0;0;1;0
CamChi1991;0;0;0;0;0;0;0;1;0;0;1;1;0;0;0;0;0;0;0;0;0;0;1;1;1;0;0;0;0;0;0;1;0
NepMad2005;0;0;0;0;0;0;0;1;0;1;0;1;0;0;0;0;0;0;0;0;0;0;1;1;1;0;0;0;0;0;0;1;0
BelRus1991;0;0;0;0;0;0;0;1;0;1;0;1;0;0;0;0;0;0;0;0;0;0;1;1;1;0;0;0;0;0;0;1;0
MalChe1993;0;0;0;0;0;0;0;1;0;1;1;0;0;0;0;0;0;0;0;0;0;0;1;1;1;0;0;0;0;0;0;1;0
GhaEwe2000;0;0;0;0;0;0;0;1;0;1;0;1;0;0;0;0;0;0;0;0;0;0;1;1;1;0;0;0;0;0;0;1;0
ZimNde1987;0;0;0;0;0;0;0;1;0;1;1;1;0;0;0;0;0;0;0;0;0;0;1;1;1;0;0;0;0;0;0;1;0
UgaBag1993;0;0;0;0;0;0;0;1;0;1;1;0;0;0;0;0;0;0;0;0;0;0;1;1;1;0;0;0;0;0;0;1;0
LebGre2000;0;0;0;0;0;0;0;1;0;1;0;0;0;0;0;0;0;0;0;0;0;0;1;1;1;0;0;0;0;0;0;1;0
KenLuh1996;0;0;0;0;0;0;0;1;0;1;0;0;0;0;0;0;0;0;0;0;0;0;1;1;1;0;0;0;0;0;0;1;0
LebGre1998;0;0;0;0;0;0;0;1;0;1;0;0;0;0;0;0;0;0;0;0;0;0;1;1;1;0;0;0;0;0;0;1;0
RusMar1995;0;1;0;0;1;0;1;0;0;1;0;0;0;0;0;0;0;0;0;1;0;0;0;1;0;0;0;0;0;0;0;0;0
RusKal2001;0;1;0;0;1;0;1;0;0;1;0;0;0;0;0;0;0;0;0;1;0;0;0;1;0;0;0;0;0;0;0;0;0
RomRom1992;0;0;0;1;0;0;1;0;0;1;0;1;0;0;0;0;0;0;0;0;0;0;1;0;0;0;0;0;0;0;0;0;0
IraPer1992;0;0;0;1;0;0;1;0;0;1;0;0;0;0;0;0;0;0;0;0;0;0;1;0;0;0;0;0;0;0;0;0;0
EstRus2005;0;1;0;0;0;0;0;0;0;0;0;1;1;1;0;0;0;0;0;0;0;0;1;1;1;0;0;0;1;0;0;0;0
BotHer1986;0;1;0;0;0;0;0;0;0;0;0;1;1;0;0;0;0;0;0;0;0;0;1;1;1;0;0;0;1;0;0;0;0
BhuLho1998;0;1;0;0;0;0;0;0;0;1;0;0;1;0;0;0;0;0;0;0;0;0;1;1;1;0;0;0;1;0;0;0;0
PakHin1991;0;1;0;0;0;0;0;0;0;0;0;1;1;0;0;0;0;0;0;0;0;0;1;1;1;0;0;0;1;0;0;0;0
ChiYao2004;0;1;0;0;0;0;0;0;0;1;0;1;0;0;0;0;0;0;0;0;0;0;1;1;1;0;0;0;1;0;0;0;0
VieKhm2002;0;1;0;0;0;0;0;0;0;1;0;1;1;0;0;0;0;0;0;0;0;0;1;1;1;0;0;0;1;0;0;0;0
KuwBed1992;0;1;0;0;0;0;0;0;0;0;0;0;1;1;1;0;0;0;0;0;0;0;1;1;1;0;0;0;1;0;0;0;0
NepMad1986;0;1;0;0;0;0;0;0;0;1;1;1;1;0;0;0;0;0;0;0;0;0;1;1;1;0;0;0;1;0;0;0;0
LitRus2005;0;1;0;0;0;0;0;0;0;0;0;1;1;1;0;0;0;0;0;0;0;0;1;1;1;0;0;0;1;0;0;0;0
SyrDru1995;0;1;0;0;0;0;0;0;0;1;0;1;1;0;0;0;0;0;0;0;0;0;1;1;1;0;0;0;1;0;0;0;0
VieTay1992;0;1;0;0;0;0;0;0;0;1;0;1;1;0;0;0;0;0;0;0;0;0;1;1;1;0;0;0;1;0;0;0;0
AngLun1998;0;1;0;0;0;0;0;0;0;1;0;1;1;0;0;0;0;0;0;0;0;0;1;1;1;0;0;0;1;0;0;0;0
ChiShu1986;0;1;0;0;0;0;0;0;0;1;0;0;0;0;0;0;0;0;0;0;0;0;1;1;1;0;0;0;1;0;0;0;0
ChiQia2005;0;1;0;0;0;0;0;0;0;1;0;0;0;0;0;0;0;0;0;0;0;0;1;1;1;0;0;0;1;0;0;0;0
ItaSar1992;0;1;0;0;0;0;0;0;0;1;0;0;0;1;1;0;0;0;0;0;0;0;1;1;1;0;0;0;1;0;0;0;0
SudOth1990;0;1;0;0;0;0;0;0;0;1;0;0;1;0;0;0;0;0;0;0;0;0;1;1;1;0;0;0;1;0;0;0;0
CamVie2003;0;1;0;0;0;0;0;0;0;1;0;1;1;0;0;0;0;0;0;0;0;0;1;1;1;0;0;0;1;0;0;0;0
MyaZom1999;0;1;0;0;0;0;0;0;0;1;0;1;1;0;0;0;0;0;0;0;0;0;1;1;1;0;0;0;1;0;0;0;0
BhuLho1992;0;1;0;0;0;0;0;0;0;1;0;0;1;0;0;0;0;0;0;0;0;0;1;1;1;0;0;0;1;0;0;0;0
SloSer2001;0;1;0;0;0;0;0;0;0;0;0;1;1;1;0;0;0;0;0;0;0;0;1;1;1;0;0;0;1;0;0;0;0
SudLat1994;0;1;0;0;0;0;0;0;0;1;0;0;1;0;0;0;0;0;0;0;0;0;1;1;1;0;0;0;1;0;0;0;0
ChiUyg1994;0;1;0;0;0;0;0;0;0;1;0;1;0;0;0;0;0;0;0;0;0;0;1;1;1;0;0;0;1;0;0;0;0
BanBen1994;0;1;0;0;0;0;0;0;0;0;0;1;1;0;0;0;0;0;0;0;0;0;1;1;1;0;0;0;1;0;0;0;0
SpaCat1993;0;1;0;0;0;0;0;0;0;1;0;0;0;1;1;0;0;0;0;0;0;0;1;1;1;0;0;0;1;0;0;0;0
UgaTes1987;0;1;0;0;0;0;0;0;0;1;1;0;1;0;0;0;0;0;0;0;0;0;1;1;1;0;0;0;1;0;0;0;0
ChiMia2000;0;1;0;0;0;0;0;0;0;1;0;1;0;0;0;0;0;0;0;0;0;0;1;1;1;0;0;0;1;0;0;0;0
ChiYi1991;0;1;0;0;0;0;0;0;0;1;0;0;0;0;0;0;0;0;0;0;0;0;1;1;1;0;0;0;1;0;0;0;0
GuyAfr2001;0;1;0;0;0;0;0;0;0;1;0;0;1;0;0;0;0;0;0;0;0;0;1;1;1;0;0;0;1;0;0;0;0
NamBas1992;0;1;0;0;0;0;0;0;0;1;0;0;1;0;0;0;0;0;0;0;0;0;1;1;1;0;0;0;1;0;0;0;0
MozSho1987;0;1;0;0;0;0;0;0;0;1;1;1;1;0;0;0;0;0;0;0;0;0;1;1;1;0;0;0;1;0;0;0;0
SloBos2003;0;1;0;0;0;0;0;0;0;0;0;1;1;1;1;0;0;0;0;0;0;0;1;1;1;0;0;0;1;0;0;0;0
ChiDon1997;0;1;0;0;0;0;0;0;0;1;0;0;0;0;0;0;0;0;0;0;0;0;1;1;1;0;0;0;1;0;0;0;0
UniAfr1989;0;1;0;0;0;0;0;0;0;0;0;0;1;1;1;0;0;0;0;0;0;0;1;1;1;0;0;0;1;0;0;0;0
IndMiz1987;0;1;0;0;0;0;0;0;0;1;0;1;0;0;0;0;0;0;0;0;0;0;1;1;1;0;0;0;1;0;0;0;0
ChiMia1993;0;1;0;0;0;0;0;0;0;1;0;1;0;0;0;0;0;0;0;0;0;0;1;1;1;0;0;0;1;0;0;0;0
PerAym1994;0;1;0;0;0;0;0;0;0;1;0;1;1;0;0;0;0;0;0;0;0;0;1;1;1;0;0;0;1;0;0;0;0
MalDay1990;0;1;0;0;0;0;0;0;0;1;0;1;0;0;0;0;0;0;0;0;0;0;1;1;1;0;0;0;1;0;0;0;0
BotSan2004;0;1;0;0;0;0;0;0;0;0;0;1;1;0;0;0;0;0;0;0;0;0;1;1;1;0;0;0;1;0;0;0;0
UniLat1999;0;1;0;0;0;0;0;0;0;0;0;1;1;1;1;0;0;0;0;0;0;0;1;1;1;0;0;0;1;0;0;0;0
UniAfr1995;0;1;0;0;0;0;0;0;0;0;0;0;1;1;1;0;0;0;0;0;0;0;1;1;1;0;0;0;1;0;0;0;0
TanMaa2005;0;1;0;0;0;0;0;0;0;1;0;1;1;0;0;0;0;0;0;0;0;0;1;1;1;0;0;0;1;0;0;0;0
ChiShu2001;0;1;0;0;0;0;0;0;0;1;0;0;0;0;0;0;0;0;0;0;0;0;1;1;1;0;0;0;1;0;0;0;0
ChiShe1991;0;1;0;0;0;0;0;0;0;1;0;0;0;0;0;0;0;0;0;0;0;0;1;1;1;0;0;0;1;0;0;0;0
ChiZhu1986;0;1;0;0;0;0;0;0;0;1;0;1;0;0;0;0;0;0;0;0;0;0;1;1;1;0;0;0;1;0;0;0;0
BotBir1996;0;1;0;0;0;0;0;0;0;1;0;0;1;0;0;0;0;0;0;0;0;0;1;1;1;0;0;0;1;0;0;0;0
GreRom1993;0;1;0;0;0;0;0;0;0;0;0;1;1;1;0;0;0;0;0;0;0;0;1;1;1;0;0;0;1;0;0;0;0
IndMin2003;0;1;0;0;0;0;0;0;0;1;0;0;0;0;0;0;0;0;0;0;0;0;1;1;1;0;0;0;1;0;0;0;0
CosInd1994;0;1;0;0;0;0;0;0;0;1;0;0;1;0;0;0;0;0;0;0;0;0;1;1;1;0;0;0;1;0;0;0;0
ChiDai1989;0;1;0;0;0;0;0;0;0;1;0;1;0;0;0;0;0;0;0;0;0;0;1;1;1;0;0;0;1;0;0;0;0
UzbRus2003;0;1;0;0;0;0;0;0;0;0;0;1;1;0;0;0;0;0;0;0;0;0;1;1;1;0;0;0;1;0;0;0;0
SouEng1987;0;1;0;0;0;0;0;0;0;1;0;1;1;0;0;0;0;0;0;0;0;0;1;1;1;0;0;0;1;0;0;0;0
LitRus1994;0;1;0;0;0;0;0;0;0;0;0;1;1;0;0;0;0;0;0;0;0;0;1;1;1;0;0;0;1;0;0;0;0
EthOth2005;0;1;0;0;0;0;0;0;0;1;1;1;0;0;0;0;0;0;0;0;0;0;1;1;1;0;0;0;1;0;0;0;0
BhuSha1997;0;1;0;0;0;0;0;0;0;1;0;0;1;0;0;0;0;0;0;0;0;0;1;1;1;0;0;0;1;0;0;0;0
ChiMul1995;0;1;0;0;0;0;0;0;0;1;0;0;0;0;0;0;0;0;0;0;0;0;1;1;1;0;0;0;1;0;0;0;0
KyrUyg1996;0;1;0;0;0;0;0;0;0;0;0;1;1;0;0;0;0;0;0;0;0;0;1;1;1;0;0;0;1;0;0;0;0
ChiLis2002;0;1;0;0;0;0;0;0;0;1;0;0;0;0;0;0;0;0;0;0;0;0;1;1;1;0;0;0;1;0;0;0;0
AlbMac2000;0;1;0;0;0;0;0;0;0;1;0;1;1;0;0;0;0;0;0;0;0;0;1;1;1;0;0;0;1;0;0;0;0
RomRom1992;0;1;0;0;0;0;0;0;0;0;0;1;1;0;0;0;0;0;0;0;0;0;1;1;1;0;0;0;1;0;0;0;0
KazUig1998;0;1;0;0;0;0;0;0;0;0;0;1;1;0;0;0;0;0;0;0;0;0;1;1;1;0;0;0;1;0;0;0;0
ChiShu2003;0;1;0;0;0;0;0;0;0;1;0;0;0;0;0;0;0;0;0;0;0;0;1;1;1;0;0;0;1;0;0;0;0
VieMuo1993;0;1;0;0;0;0;0;0;0;1;0;0;1;0;0;0;0;0;0;0;0;0;1;1;1;0;0;0;1;0;0;0;0
ChiTu2005;0;1;0;0;0;0;0;0;0;1;0;0;0;0;0;0;0;0;0;0;0;0;1;1;1;0;0;0;1;0;0;0;0
SloCro2002;0;1;0;0;0;0;0;0;0;0;0;1;1;1;1;0;0;0;0;0;0;0;1;1;1;0;0;0;1;0;0;0;0
ChiYi2003;0;1;0;0;0;0;0;0;0;1;0;0;0;0;0;0;0;0;0;0;0;0;1;1;1;0;0;0;1;0;0;0;0
ItaFri1995;0;1;0;0;0;0;0;0;0;1;0;0;0;1;1;0;0;0;0;0;0;0;1;1;1;0;0;0;1;0;0;0;0
TurUzb2002;0;1;0;0;0;0;0;0;0;0;0;1;1;0;0;0;0;0;0;0;0;0;1;1;1;0;0;0;1;0;0;0;0
CamKhm2001;0;1;0;0;0;0;0;0;0;0;0;0;1;0;0;0;0;0;0;0;0;0;1;1;1;0;0;0;1;0;0;0;0
GuiPeu2002;0;1;0;0;0;0;0;0;0;1;0;1;1;0;0;0;0;0;0;0;0;0;1;1;1;0;0;0;1;0;0;0;0
GreMus2004;0;1;0;0;0;0;0;0;0;1;0;1;1;1;1;0;0;0;0;0;0;0;1;1;1;0;0;0;1;0;0;0;0
MyaInd2003;0;1;0;0;0;0;0;0;0;0;0;1;1;0;0;0;0;0;0;0;0;0;1;1;1;0;0;0;1;0;0;0;0
ChiTu1996;0;1;0;0;0;0;0;0;0;1;0;0;0;0;0;0;0;0;0;0;0;0;1;1;1;0;0;0;1;0;0;0;0
HunRom2001;0;1;0;0;0;0;0;0;0;0;0;1;1;1;0;0;0;0;0;0;0;0;1;1;1;0;0;0;1;0;0;0;0
KenLuo1987;0;1;0;0;0;0;0;0;0;1;0;1;1;0;0;0;0;0;0;0;0;0;1;1;1;0;0;0;1;0;0;0;0
PanNgo1994;0;1;0;0;0;0;0;0;0;1;0;0;1;0;0;0;0;0;0;0;0;0;1;1;1;0;0;0;1;0;0;0;0
UzbKar2001;0;1;0;0;0;0;0;0;0;1;0;0;0;0;0;0;0;0;0;0;0;0;1;1;1;0;0;0;1;0;0;0;0
VieTha1987;0;1;0;0;0;0;0;0;0;1;0;1;1;0;0;0;0;0;0;0;0;0;1;1;1;0;0;0;1;0;0;0;0
PolUkr1999;0;1;0;0;0;0;0;0;0;0;0;1;1;1;0;0;0;0;0;0;0;0;1;1;1;0;0;0;1;0;0;0;0
UzbTaj1996;0;1;0;0;0;0;0;0;0;1;0;1;1;0;0;0;0;0;0;0;0;0;1;1;1;0;0;0;1;0;0;0;0
ChiXib1994;0;1;0;0;0;0;0;0;0;1;0;0;0;0;0;0;0;0;0;0;0;0;1;1;1;0;0;0;1;0;0;0;0
MacTur1994;0;1;0;0;0;0;0;0;0;1;0;0;1;0;0;0;0;0;0;0;0;0;1;1;1;0;0;0;1;0;0;0;0
BolGua1986;0;1;0;0;0;0;0;0;0;1;0;1;1;0;0;0;0;0;0;0;0;0;1;1;1;0;0;0;1;0;0;0;0
SpaGal1993;0;1;0;0;0;0;0;0;0;1;0;0;0;1;1;0;0;0;0;0;0;0;1;1;1;0;0;0;1;0;0;0;0
ChiZhu2004;0;1;0;0;0;0;0;0;0;1;0;1;0;0;0;0;0;0;0;0;0;0;1;1;1;0;0;0;1;0;0;0;0
LaoHmo2002;0;1;0;0;0;0;0;0;0;0;0;1;1;0;0;0;0;0;0;0;0;0;1;1;1;0;0;0;1;0;0;0;0
IvoKru1993;0;1;0;0;0;0;0;0;0;1;0;1;1;0;0;0;0;0;0;0;0;0;1;1;1;0;0;0;1;0;0;0;0
BelGer1991;0;1;0;0;0;0;0;0;0;1;0;1;0;1;1;0;0;0;0;0;0;0;1;1;1;0;0;0;1;0;0;0;0
MozSho1997;0;1;0;0;0;0;0;0;0;1;1;1;1;0;0;0;0;0;0;0;0;0;1;1;1;0;0;0;1;0;0;0;0
KazUzb1995;0;1;0;0;0;0;0;0;0;0;0;1;1;0;0;0;0;0;0;0;0;0;1;1;1;0;0;0;1;0;0;0;0
MyaBud2002;0;1;0;0;0;0;0;0;0;1;0;0;1;0;0;0;0;0;0;0;0;0;1;1;1;0;0;0;1;0;0;0;0
GamDio1986;0;1;0;0;0;0;0;0;0;1;0;1;1;0;0;0;0;0;0;0;0;0;1;1;1;0;0;0;1;0;0;0;0
ParTup1998;0;1;0;0;0;0;0;0;0;1;0;1;1;0;0;0;0;0;0;0;0;0;1;1;1;0;0;0;1;0;0;0;0
NamMaf1994;0;1;0;0;0;0;0;0;0;1;0;0;1;0;0;0;0;0;0;0;0;0;1;1;1;0;0;0;1;0;0;0;0
MacSer1998;0;1;0;0;0;0;0;0;0;0;0;1;1;0;0;0;0;0;0;0;0;0;1;1;1;0;0;0;1;0;0;0;0
NewAsi1998;0;1;0;0;0;0;0;0;0;0;0;0;1;1;1;0;0;0;0;0;0;0;1;1;1;0;0;0;1;0;0;0;0
EstBye1994;0;1;0;0;0;0;0;0;0;0;0;1;1;0;0;0;0;0;0;0;0;0;1;1;1;0;0;0;1;0;0;0;0
PhiFil1996;0;1;0;0;0;0;0;0;0;0;0;0;1;0;0;0;0;0;0;0;0;0;1;1;1;0;0;0;1;0;0;0;0
PhiInd1993;0;1;0;0;0;0;0;0;0;1;0;0;1;0;0;0;0;0;0;0;0;0;1;1;1;0;0;0;1;0;0;0;0
GreMac1999;0;1;0;0;0;0;0;0;0;1;0;1;1;1;1;0;0;0;0;0;0;0;1;1;1;0;0;0;1;0;0;0;0
IndChi1987;0;1;0;0;0;0;0;0;0;1;0;1;1;0;0;0;0;0;0;0;0;0;1;1;1;0;0;0;1;0;0;0;0
SpaCat1998;0;1;0;0;0;0;0;0;0;1;0;0;0;1;1;0;0;0;0;0;0;0;1;1;1;0;0;0;1;0;0;0;0
ChiGel1986;0;1;0;0;0;0;0;0;0;1;0;0;0;0;0;0;0;0;0;0;0;0;1;1;1;0;0;0;1;0;0;0;0
TurRus1994;0;1;0;0;0;0;0;0;0;0;0;1;1;0;0;0;0;0;0;0;0;0;1;1;1;0;0;0;1;0;0;0;0
UgaTes1997;0;1;0;0;0;0;0;0;0;1;0;0;1;0;0;0;0;0;0;0;0;0;1;1;1;0;0;0;1;0;0;0;0
SauIsm1991;0;1;0;0;0;0;0;0;0;1;0;1;1;1;0;0;0;0;0;0;0;0;1;1;1;0;0;0;1;0;0;0;0
SyrDru2003;0;1;0;0;0;0;0;0;0;1;0;1;1;0;0;0;0;0;0;0;0;0;1;1;1;0;0;0;1;0;0;0;0
ChiNax2002;0;1;0;0;0;0;0;0;0;1;0;0;0;0;0;0;0;0;0;0;0;0;1;1;1;0;0;0;1;0;0;0;0
LatUkr1995;0;1;0;0;0;0;0;0;0;0;0;1;1;0;0;0;0;0;0;0;0;0;1;1;1;0;0;0;1;0;0;0;0
IndChi2003;0;1;0;0;0;0;0;0;0;1;0;1;1;0;0;0;0;0;0;0;0;0;1;1;1;0;0;0;1;0;0;0;0
BotKga1989;0;1;0;0;0;0;0;0;0;1;0;0;1;0;0;0;0;0;0;0;0;0;1;1;1;0;0;0;1;0;0;0;0
LitPol1992;0;1;0;0;0;0;0;0;0;1;0;1;1;1;0;0;0;0;0;0;0;0;1;1;1;0;0;0;1;0;0;0;0
MolRus1995;0;1;0;0;0;0;0;0;0;1;0;1;1;0;0;0;0;0;0;0;0;0;1;1;1;0;0;0;1;0;0;0;0
ChiHan2004;0;1;0;0;0;0;0;0;0;1;0;1;0;0;0;0;0;0;0;0;0;0;1;1;1;0;0;0;1;0;0;0;0
UniPro1994;0;1;0;0;0;0;0;0;0;1;0;0;1;1;1;0;0;0;0;0;0;0;1;1;1;0;0;0;1;0;0;0;0
BulTur1992;0;1;0;0;0;0;0;0;0;1;0;1;1;0;0;0;0;0;0;0;0;0;1;1;1;0;0;0;1;0;0;0;0
CosAfr1999;0;1;0;0;0;0;0;0;0;1;0;1;1;0;0;0;0;0;0;0;0;0;1;1;1;0;0;0;1;0;0;0;0
BelPol2002;0;1;0;0;0;0;0;0;0;1;0;1;1;0;0;0;0;0;0;0;0;0;1;1;1;0;0;0;1;0;0;0;0
MorSah2004;0;1;0;0;0;0;0;0;0;1;0;0;1;0;0;0;0;0;0;0;0;0;1;1;1;0;0;0;1;0;0;0;0
ChiLi2001;0;1;0;0;0;0;0;0;0;1;0;0;0;0;0;0;0;0;0;0;0;0;1;1;1;0;0;0;1;0;0;0;0
ChiDon2002;0;1;0;0;0;0;0;0;0;1;0;0;0;0;0;0;0;0;0;0;0;0;1;1;1;0;0;0;1;0;0;0;0
SouSwa2002;0;0;0;0;0;0;0;0;0;1;0;1;0;0;0;0;0;0;0;0;0;0;1;1;1;0;0;0;0;0;0;0;0
IsrRus1996;0;0;0;0;0;0;0;0;0;0;0;0;0;1;1;0;0;0;0;0;0;0;1;1;1;0;0;0;0;0;0;0;0
TaiTai1993;0;0;0;0;0;0;0;0;0;1;0;0;0;1;0;0;0;0;0;0;0;0;1;1;1;0;0;0;0;0;0;0;0
MadHig1986;0;0;0;0;0;0;0;0;0;1;0;0;0;0;0;0;0;0;0;0;0;0;1;1;1;0;0;0;0;0;0;0;0
GhaOth1986;0;0;0;0;0;0;0;0;0;1;0;0;0;0;0;0;0;0;0;0;0;0;1;1;1;0;0;0;0;0;0;0;0
LebShi1989;0;0;0;0;0;0;0;0;0;1;0;0;0;0;0;0;0;0;0;0;0;0;1;1;1;0;0;0;0;0;0;0;0
SenMan2002;0;0;0;0;0;0;0;0;0;1;0;1;0;0;0;0;0;0;0;0;0;0;1;1;1;0;0;0;0;0;0;0;0
SouZul2002;0;0;0;0;0;0;0;0;0;1;0;0;0;0;0;0;0;0;0;0;0;0;1;1;1;0;0;0;0;0;0;0;0
KenKal2002;0;0;0;0;0;0;0;0;0;1;0;1;0;0;0;0;0;0;0;0;0;0;1;1;1;0;0;0;0;0;0;0;0
UgaBag1999;0;0;0;0;0;0;0;0;0;1;0;0;0;0;0;0;0;0;0;0;0;0;1;1;1;0;0;0;0;0;0;0;0
MauHar2000;0;0;0;0;0;0;0;0;0;1;0;1;0;0;0;0;0;0;0;0;0;0;1;1;1;0;0;0;0;0;0;0;0
IndMal1990;0;0;0;0;0;0;0;0;0;1;0;0;0;0;0;0;0;0;0;0;0;0;1;1;1;0;0;0;0;0;0;0;0
SwiSwi1988;0;0;0;0;0;0;0;0;0;1;0;1;0;1;1;0;0;0;0;0;0;0;1;1;1;0;0;0;0;0;0;0;0
IndTam1990;0;0;0;0;0;0;0;0;0;1;0;1;0;0;0;0;0;0;0;0;0;0;1;1;1;0;0;0;0;0;0;0;0
MalChe2004;0;0;0;0;0;0;0;0;0;1;1;0;0;0;0;0;0;0;0;0;0;0;1;1;1;0;0;0;0;0;0;0;0
NewPac1990;0;0;0;0;0;0;0;0;0;0;0;0;0;1;1;0;0;0;0;0;0;0;1;1;1;0;0;0;0;0;0;0;0
BenSou1994;0;0;0;0;0;0;0;0;0;1;0;1;0;0;0;0;0;0;0;0;0;0;1;1;1;0;0;0;0;0;0;0;0
LebDru1989;0;0;0;0;0;0;0;0;0;1;0;1;0;0;0;0;0;0;0;0;0;0;1;1;1;0;0;0;0;0;0;0;0
LaoLao1999;0;0;0;0;0;0;0;0;0;1;0;0;0;0;0;0;0;0;0;0;0;0;1;1;1;0;0;0;0;0;0;0;0
SouEng2005;0;0;0;0;0;0;0;0;0;1;0;1;0;0;0;0;0;0;0;0;0;0;1;1;1;0;0;0;0;0;0;0;0
NamWhi2002;0;0;0;0;0;0;0;0;0;1;0;1;0;0;0;0;0;0;0;0;0;0;1;1;1;0;0;0;0;0;0;0;0
UgaBas1994;0;0;0;0;0;0;0;0;0;1;1;0;0;0;0;0;0;0;0;0;0;0;1;1;1;0;0;0;0;0;0;0;0
SouAsi2003;0;0;0;0;0;0;0;0;0;0;0;0;0;0;0;0;0;0;0;0;0;0;1;1;1;0;0;0;0;0;0;0;0
LaoLao1989;0;0;0;0;0;0;0;0;0;1;0;0;0;0;0;0;0;0;0;0;0;0;1;1;1;0;0;0;0;0;0;0;0
LaoLao1986;0;0;0;0;0;0;0;0;0;1;0;0;0;0;0;0;0;0;0;0;0;0;1;1;1;0;0;0;0;0;0;0;0
NamKav1995;0;0;0;0;0;0;0;0;0;1;0;0;0;0;0;0;0;0;0;0;0;0;1;1;1;0;0;0;0;0;0;0;0
IsrMiz1991;0;0;0;0;0;0;0;0;0;0;0;0;0;1;1;0;0;0;0;0;0;0;1;1;1;0;0;0;0;0;0;0;0
KyrRus1993;0;0;0;0;0;0;0;0;0;1;0;1;0;0;0;0;0;0;0;0;0;0;1;1;1;0;0;0;0;0;0;0;0
KenKam1989;0;0;0;0;0;0;0;0;0;1;0;0;0;0;0;0;0;0;0;0;0;0;1;1;1;0;0;0;0;0;0;0;0
UniWel1992;0;0;0;0;0;0;0;0;0;1;0;0;0;1;1;0;0;0;0;0;0;0;1;1;1;0;0;0;0;0;0;0;0
CenBay1994;0;0;0;0;0;0;0;0;0;1;1;0;0;0;0;0;0;0;0;0;0;0;1;1;1;0;0;0;0;0;0;0;0
GabFan1995;0;0;0;0;0;0;0;0;0;1;0;0;0;1;0;0;0;0;0;0;0;0;1;1;1;0;0;0;0;0;0;0;0
TriEas1994;0;0;0;0;0;0;0;0;0;1;0;0;0;1;0;0;0;0;0;0;0;0;1;1;1;0;0;0;0;0;0;0;0
BolBol2005;0;0;0;0;0;0;0;0;0;0;0;0;0;0;0;0;0;0;0;0;0;0;1;1;1;0;0;0;0;0;0;0;0
CamNor1986;0;0;0;0;0;0;0;0;0;1;0;0;0;0;0;0;0;0;0;0;0;0;1;1;1;0;0;0;0;0;0;0;0
MozMak1999;0;0;0;0;0;0;0;0;0;1;1;1;0;0;0;0;0;0;0;0;0;0;1;1;1;0;0;0;0;0;0;0;0
NamCol2002;0;0;0;0;0;0;0;0;0;0;0;0;0;0;0;0;0;0;0;0;0;0;1;1;1;0;0;0;0;0;0;0;0
CamBam1996;0;0;0;0;0;0;0;0;0;1;0;0;0;0;0;0;0;0;0;0;0;0;1;1;1;0;0;0;0;0;0;0;0
IndKan1987;0;0;0;0;0;0;0;0;0;1;0;0;0;0;0;0;0;0;0;0;0;0;1;1;1;0;0;0;0;0;0;0;0
NamWhi1991;0;0;0;0;0;0;0;0;0;1;0;1;0;0;0;0;0;0;0;0;0;0;1;1;1;0;0;0;0;0;0;0;0
IndTam1998;0;0;0;0;0;0;0;0;0;1;0;1;0;0;0;0;0;0;0;0;0;0;1;1;1;0;0;0;0;0;0;0;0
IraAze1998;0;0;0;0;0;0;0;0;0;1;0;1;0;0;0;0;0;0;0;0;0;0;1;1;1;0;0;0;0;0;0;0;0
CamBam2001;0;0;0;0;0;0;0;0;0;1;0;0;0;0;0;0;0;0;0;0;0;0;1;1;1;0;0;0;0;0;0;0;0
NamDam2002;0;0;0;0;0;0;0;0;0;1;0;0;0;0;0;0;0;0;0;0;0;0;1;1;1;0;0;0;0;0;0;0;0
UniSco1996;0;0;0;0;0;0;0;0;0;1;0;0;0;1;1;0;0;0;0;0;0;0;1;1;1;0;0;0;0;0;0;0;0
MozMak1989;0;0;0;0;0;0;0;0;0;1;1;1;0;0;0;0;0;0;0;0;0;0;1;1;1;0;0;0;0;0;0;0;0
BotKal1991;0;0;0;0;0;0;0;0;0;1;0;1;0;0;0;0;0;0;0;0;0;0;1;1;1;0;0;0;0;0;0;0;0
CamNor1998;0;0;0;0;0;0;0;0;0;1;0;0;0;0;0;0;0;0;0;0;0;0;1;1;1;0;0;0;0;0;0;0;0
IndMar2003;0;0;0;0;0;0;0;0;0;1;0;0;0;0;0;0;0;0;0;0;0;0;1;1;1;0;0;0;0;0;0;0;0
SenMan1988;0;0;0;0;0;0;0;0;0;1;0;1;0;0;0;0;0;0;0;0;0;0;1;1;1;0;0;0;0;0;0;0;0
LaoKhm1990;0;0;0;0;0;0;0;0;0;1;0;0;0;0;0;0;0;0;0;0;0;0;1;1;1;0;0;0;0;0;0;0;0
YugMon1996;0;0;0;0;0;0;0;0;0;1;0;0;0;1;0;0;0;0;0;0;0;0;1;1;1;0;0;0;0;0;0;0;0
IndTel1987;0;0;0;0;0;0;0;0;0;1;0;0;0;0;0;0;0;0;0;0;0;0;1;1;1;0;0;0;0;0;0;0;0
SwiSwi1989;0;0;0;0;0;0;0;0;0;1;0;1;0;1;1;0;0;0;0;0;0;0;1;1;1;0;0;0;0;0;0;0;0
SouSwa1995;0;0;0;0;0;0;0;0;0;1;0;1;0;0;0;0;0;0;0;0;0;0;1;1;1;0;0;0;0;0;0;0;0
CamBas1987;0;0;0;0;0;0;0;0;0;1;0;0;0;0;0;0;0;0;0;0;0;0;1;1;1;0;0;0;0;0;0;0;0
ZamLuv1992;0;0;0;0;0;0;0;0;0;1;0;0;0;0;0;0;0;0;0;0;0;0;1;1;1;0;0;0;0;0;0;0;0
ConKou1993;0;0;0;0;0;0;0;0;0;1;0;0;0;0;0;0;0;0;0;0;0;0;1;1;1;0;0;0;0;0;0;0;0
CamCha2004;0;0;0;0;0;0;0;0;0;1;0;1;0;0;0;0;0;0;0;0;0;0;1;1;1;0;0;0;0;0;0;0;0
NewMao1987;0;0;0;0;0;0;0;0;0;0;0;0;0;1;1;0;0;0;0;0;0;0;1;1;1;0;0;0;0;0;0;0;0
CamFul2005;0;0;0;0;0;0;0;0;0;1;0;1;0;0;0;0;0;0;0;0;0;0;1;1;1;0;0;0;0;0;0;0;0
GamMan1986;0;0;0;0;0;0;0;0;0;1;0;1;0;0;0;0;0;0;0;0;0;0;1;1;1;0;0;0;0;0;0;0;0
SouVen2001;0;0;0;0;0;0;0;0;0;1;0;0;0;0;0;0;0;0;0;0;0;0;1;1;1;0;0;0;0;0;0;0;0
EthAmh1998;0;0;0;0;0;0;0;0;0;1;1;0;0;0;0;0;0;0;0;0;0;0;1;1;1;0;0;0;0;0;0;0;0
ZamLun1986;0;0;0;0;0;0;0;0;0;1;0;1;0;0;0;0;0;0;0;0;0;0;1;1;1;0;0;0;0;0;0;0;0
MauBla1992;0;0;0;0;0;0;0;0;0;1;0;1;0;0;0;0;0;0;0;0;0;0;1;1;1;0;0;0;0;0;0;0;0
NamDam1991;0;0;0;0;0;0;0;0;0;1;0;0;0;0;0;0;0;0;0;0;0;0;1;1;1;0;0;0;0;0;0;0;0
ChaTou2001;0;0;0;0;0;0;0;0;0;1;1;1;0;0;0;0;0;0;0;0;0;0;1;1;1;0;0;0;0;0;0;0;0
RusBur1988;0;1;0;0;1;0;0;1;0;1;0;0;0;0;0;0;0;0;0;0;0;1;0;1;0;0;0;0;0;0;0;0;0
RusAdy1990;0;1;0;0;1;0;0;1;0;1;0;0;0;1;0;0;0;0;0;0;0;1;0;1;0;0;0;0;0;0;0;0;0
UkrHun1991;0;1;0;0;1;0;0;1;0;1;0;1;1;0;0;0;0;0;0;0;0;1;0;1;0;0;0;0;0;0;0;0;0
UkrRom1991;0;1;0;0;1;0;0;1;0;0;0;1;1;0;0;0;0;0;0;0;0;1;0;1;0;0;0;0;0;0;0;0;0
SloAlb1991;0;1;0;0;1;0;0;1;0;0;0;0;1;1;0;0;0;0;0;0;0;1;0;1;0;0;0;0;0;0;0;0;0
PolRom1986;0;1;0;0;1;0;0;1;0;0;0;1;1;0;0;0;0;0;0;0;0;1;0;1;0;0;0;0;0;0;0;0;0
SloIta1991;0;1;0;0;1;0;0;1;0;0;0;1;1;1;0;0;0;0;0;0;0;1;0;1;0;0;0;0;0;0;0;0;0
CroBos2000;0;1;0;0;1;0;0;1;0;0;0;1;1;1;0;0;0;0;0;0;0;1;0;1;0;0;0;0;0;0;0;0;0
IraAss2002;0;1;0;0;1;0;0;1;0;0;0;0;1;0;0;0;0;0;0;0;0;1;0;1;0;0;0;0;0;0;0;0;0
RusKaz1991;0;1;0;0;1;0;0;1;0;0;0;1;1;1;0;0;0;0;0;0;0;1;0;1;0;0;0;0;0;0;0;0;0
IraJew1996;0;1;0;0;1;0;0;1;0;0;0;0;1;0;0;0;0;0;0;0;0;1;0;1;0;0;0;0;0;0;0;0;0
TanZan1992;0;1;0;0;1;0;0;1;0;1;1;0;1;0;0;0;0;0;0;0;0;1;0;1;0;0;0;0;0;0;0;0;0
YugSer1997;0;0;0;1;0;0;0;1;0;1;0;1;0;1;0;0;0;0;0;0;0;0;1;0;0;0;0;0;0;0;0;0;0
CamKhm1987;0;0;0;1;0;0;0;1;0;1;1;1;0;0;0;0;0;0;0;0;0;0;1;0;0;0;0;0;0;0;0;0;0
KenKal1994;0;0;0;1;0;0;0;1;0;1;0;1;0;0;0;0;0;0;0;0;0;0;1;0;0;0;0;0;0;0;0;0;0
MalBla1992;0;0;0;1;0;0;0;1;0;1;1;1;0;0;0;0;0;0;0;0;0;0;1;0;0;0;0;0;0;0;0;0;0
ZamBem2000;0;0;0;1;0;0;0;1;0;1;0;0;0;0;0;0;0;0;0;0;0;0;1;0;0;0;0;0;0;0;0;0;0
MozTso1994;0;0;0;1;0;0;0;1;0;1;1;1;0;0;0;0;0;0;0;0;0;0;1;0;0;0;0;0;0;0;0;0;0
KyrKyr1991;0;0;0;1;0;0;0;1;0;1;0;1;0;0;0;0;0;0;0;0;0;0;1;0;0;0;0;0;0;0;0;0;0
JapKor1995;0;1;0;0;1;0;0;0;0;0;0;0;1;1;1;0;0;0;0;0;0;0;0;1;0;0;0;0;0;0;0;0;0
ArmRus2004;0;1;0;0;1;0;0;0;0;0;0;1;1;0;0;0;0;0;0;0;0;0;0;1;0;0;0;0;0;0;0;0;0
BanBih1994;0;1;0;0;1;0;0;0;0;0;0;0;1;0;0;0;0;0;0;0;0;0;0;1;0;0;0;0;0;0;0;0;0
ChiJin1999;0;1;0;0;1;0;0;0;0;1;0;1;0;0;0;0;0;0;0;0;0;0;0;1;0;0;0;0;0;0;0;0;0
IndAmb2003;0;1;0;0;1;0;0;0;0;1;0;0;0;0;0;0;0;0;0;0;0;0;0;1;0;0;0;0;0;0;0;0;0
RusKha1995;0;1;0;0;1;0;0;0;0;1;0;0;0;0;0;0;0;0;0;0;0;0;0;1;0;0;0;0;0;0;0;0;0
BotTsw1994;0;1;0;0;1;0;0;0;0;1;0;0;1;0;0;0;0;0;0;0;0;0;0;1;0;0;0;0;0;0;0;0;0
ChiYug1994;0;1;0;0;1;0;0;0;0;1;0;0;0;0;0;0;0;0;0;0;0;0;0;1;0;0;0;0;0;0;0;0;0
ChiBon1986;0;1;0;0;1;0;0;0;0;1;0;0;0;0;0;0;0;0;0;0;0;0;0;1;0;0;0;0;0;0;0;0;0
RusTuv1993;0;1;0;0;1;0;0;0;0;1;0;0;0;0;0;0;0;0;0;0;0;0;0;1;0;0;0;0;0;0;0;0;0
ChiJin2000;0;1;0;0;1;0;0;0;0;1;0;1;1;0;0;0;0;0;0;0;0;0;0;1;0;0;0;0;0;0;0;0;0
RusKar2005;0;1;0;0;1;0;0;0;0;1;0;0;0;0;0;0;0;0;0;0;0;0;0;1;0;0;0;0;0;0;0;0;0
ChiPum1999;0;1;0;0;1;0;0;0;0;1;0;0;1;0;0;0;0;0;0;0;0;0;0;1;0;0;0;0;0;0;0;0;0
SloHun2001;0;1;0;0;1;0;0;0;0;0;0;1;1;1;0;0;0;0;0;0;0;0;0;1;0;0;0;0;0;0;0;0;0
RusGeo1994;0;1;0;0;1;0;0;0;0;0;0;1;1;0;0;0;0;0;0;0;0;0;0;1;0;0;0;0;0;0;0;0;0
FraRom1997;0;1;0;0;1;0;0;0;0;0;0;1;1;1;1;0;0;0;0;0;0;0;0;1;0;0;0;0;0;0;0;0;0
ChiTaj2001;0;1;0;0;1;0;0;0;0;1;0;1;0;0;0;0;0;0;0;0;0;0;0;1;0;0;0;0;0;0;0;0;0
ChiJin1994;0;1;0;0;1;0;0;0;0;1;0;1;0;0;0;0;0;0;0;0;0;0;0;1;0;0;0;0;0;0;0;0;0
UkrCri1999;0;1;0;0;1;0;0;0;0;0;0;0;1;0;0;0;0;0;0;0;0;0;0;1;0;0;0;0;0;0;0;0;0
JapKor2004;0;1;0;0;1;0;0;0;0;0;0;0;1;1;1;0;0;0;0;0;0;0;0;1;0;0;0;0;0;0;0;0;0
PanCho1994;0;1;0;0;1;0;0;0;0;1;0;1;0;0;0;0;0;0;0;0;0;0;0;1;0;0;0;0;0;0;0;0;0
RusAlt1995;0;1;0;0;1;0;0;0;0;1;0;0;0;0;0;0;0;0;0;0;0;0;0;1;0;0;0;0;0;0;0;0;0
SloAlb2003;0;1;0;0;1;0;0;0;0;0;0;0;1;1;1;0;0;0;0;0;0;0;0;1;0;0;0;0;0;0;0;0;0
ChiAch1996;0;1;0;0;1;0;0;0;0;1;0;0;1;0;0;0;0;0;0;0;0;0;0;1;0;0;0;0;0;0;0;0;0
ChiBla2004;0;1;0;0;1;0;0;0;0;1;0;0;0;0;0;0;0;0;0;0;0;0;0;1;0;0;0;0;0;0;0;0;0
ChiOro1990;0;1;0;0;1;0;0;0;0;1;0;0;0;0;0;0;0;0;0;0;0;0;0;1;0;0;0;0;0;0;0;0;0
SloHun1995;0;1;0;0;1;0;0;0;0;0;0;1;1;1;0;0;0;0;0;0;0;0;0;1;0;0;0;0;0;0;0;0;0
ChiJin1999;0;1;0;0;1;0;0;0;0;1;0;0;1;0;0;0;0;0;0;0;0;0;0;1;0;0;0;0;0;0;0;0;0
UkrCri1994;0;1;0;0;1;0;0;0;0;0;0;0;1;0;0;0;0;0;0;0;0;0;0;1;0;0;0;0;0;0;0;0;0
ChiRus2005;0;1;0;0;1;0;0;0;0;0;0;1;1;0;0;0;0;0;0;0;0;0;0;1;0;0;0;0;0;0;0;0;0
PolGer2002;0;1;0;0;1;0;0;0;0;1;0;1;1;1;0;0;0;0;0;0;0;0;0;1;0;0;0;0;0;0;0;0;0
PolBye1996;0;1;0;0;1;0;0;0;0;1;0;1;1;1;0;0;0;0;0;0;0;0;0;1;0;0;0;0;0;0;0;0;0
ChiPum1990;0;1;0;0;1;0;0;0;0;1;0;0;1;0;0;0;0;0;0;0;0;0;0;1;0;0;0;0;0;0;0;0;0
ChiNu1995;0;1;0;0;1;0;0;0;0;1;0;0;1;0;0;0;0;0;0;0;0;0;0;1;0;0;0;0;0;0;0;0;0
ItaRom1994;0;1;0;0;1;0;0;0;0;0;0;1;1;1;1;0;0;0;0;0;0;0;0;1;0;0;0;0;0;0;0;0;0
ChiDau1995;0;1;0;0;1;0;0;0;0;1;0;0;0;0;0;0;0;0;0;0;0;0;0;1;0;0;0;0;0;0;0;0;0
IraBah1991;0;1;0;0;1;0;0;0;0;0;0;0;1;0;0;0;0;0;0;0;0;0;0;1;0;0;0;0;0;0;0;0;0
EthBen1996;0;1;0;0;1;0;0;0;0;1;1;0;0;0;0;0;0;0;0;0;0;0;0;1;0;0;0;0;0;0;0;0;0
CroHun1994;0;1;0;0;1;0;0;0;0;1;0;1;1;0;0;0;0;0;0;0;0;0;0;1;0;0;0;0;0;0;0;0;0
ChiRus1995;0;1;0;0;1;0;0;0;0;0;0;1;1;0;0;0;0;0;0;0;0;0;0;1;0;0;0;0;0;0;0;0;0
BraInd1993;0;1;0;0;1;0;0;0;0;1;0;1;1;0;0;0;0;0;0;0;0;0;0;1;0;0;0;0;0;0;0;0;0
VieGia1992;0;1;0;0;1;0;0;0;0;1;0;0;1;0;0;0;0;0;0;0;0;0;0;1;0;0;0;0;0;0;0;0;0
ChiDau2003;0;1;0;0;1;0;0;0;0;1;0;0;0;0;0;0;0;0;0;0;0;0;0;1;0;0;0;0;0;0;0;0;0
ChiEve1989;0;1;0;0;1;0;0;0;0;1;0;0;0;0;0;0;0;0;0;0;0;0;0;1;0;0;0;0;0;0;0;0;0
IraAss1989;0;1;0;0;1;0;0;0;0;0;0;0;1;0;0;0;0;0;0;0;0;0;0;1;0;0;0;0;0;0;0;0;0
RusAlt2003;0;1;0;0;1;0;0;0;0;1;0;0;0;0;0;0;0;0;0;0;0;0;0;1;0;0;0;0;0;0;0;0;0
TurRom1987;0;1;0;0;1;0;0;0;0;0;0;1;1;0;0;0;0;0;0;0;0;0;0;1;0;0;0;0;0;0;0;0;0
BotTsw2005;0;1;0;0;1;0;0;0;0;1;0;0;1;0;0;0;0;0;0;0;0;0;0;1;0;0;0;0;0;0;0;0;0
FinFin1996;0;0;0;1;0;0;0;0;0;1;0;1;0;1;1;0;0;0;0;0;0;0;1;0;0;0;0;0;0;0;0;0;0
BelWal1997;0;0;0;1;0;0;0;0;0;1;0;1;0;1;1;0;0;0;0;0;0;0;1;0;0;0;0;0;0;0;0;0;0
CamBet2000;0;0;0;1;0;0;0;0;0;1;0;0;0;0;0;0;0;0;0;0;0;0;1;0;0;0;0;0;0;0;0;0;0
DemNgb1988;0;0;0;1;0;0;0;0;0;1;1;0;0;0;0;0;0;0;0;0;0;0;1;0;0;0;0;0;0;0;0;0;0
SriSin1989;0;0;0;1;0;0;0;0;0;1;0;0;0;0;0;0;0;0;0;0;0;0;1;0;0;0;0;0;0;0;0;0;0
CenBay2004;0;0;0;1;0;0;0;0;0;1;1;0;0;0;0;0;0;0;0;0;0;0;1;0;0;0;0;0;0;0;0;0;0
GabMbé1997;0;0;0;1;0;0;0;0;0;1;0;1;0;1;0;0;0;0;0;0;0;0;1;0;0;0;0;0;0;0;0;0;0
MauWhi2000;0;0;0;1;0;0;0;0;0;1;0;1;0;0;0;0;0;0;0;0;0;0;1;0;0;0;0;0;0;0;0;0;0
IsrAsh1996;0;0;0;1;0;0;0;0;0;0;0;0;0;1;1;0;0;0;0;0;0;0;1;0;0;0;0;0;0;0;0;0;0
SwiSwi1987;0;0;0;1;0;0;0;0;0;1;0;1;0;1;1;0;0;0;0;0;0;0;1;0;0;0;0;0;0;0;0;0;0
GhaAsa2003;0;0;0;1;0;0;0;0;0;1;0;0;0;0;0;0;0;0;0;0;0;0;1;0;0;0;0;0;0;0;0;0;0
KuwKuw1993;0;0;0;1;0;0;0;0;0;0;0;1;0;1;1;0;0;0;0;0;0;0;1;0;0;0;0;0;0;0;0;0;0
SieLim1986;0;0;0;1;0;0;0;0;0;1;0;0;0;0;0;0;0;0;0;0;0;0;1;0;0;0;0;0;0;0;0;0;0
YugSer1986;0;0;0;1;0;0;0;0;0;1;0;0;0;0;0;0;0;0;0;0;0;0;1;0;0;0;0;0;0;0;0;0;0
CamBet1987;0;0;0;1;0;0;0;0;0;1;0;0;0;0;0;0;0;0;0;0;0;0;1;0;0;0;0;0;0;0;0;0;0
BelFle1990;0;0;0;1;0;0;0;0;0;1;0;1;0;1;1;0;0;0;0;0;0;0;1;0;0;0;0;0;0;0;0;0;0
EriChr1998;0;0;0;1;0;0;0;0;0;1;0;0;0;0;0;0;0;0;0;0;0;0;1;0;0;0;0;0;0;0;0;0;0
NewNew1992;0;0;0;1;0;0;0;0;0;0;0;0;0;1;1;0;0;0;0;0;0;0;1;0;0;0;0;0;0;0;0;0;0
LaoLao1998;0;0;0;1;0;0;0;0;0;1;0;1;0;0;0;0;0;0;0;0;0;0;1;0;0;0;0;0;0;0;0;0;0
NamOva1996;0;0;0;1;0;0;0;0;0;1;0;1;0;0;0;0;0;0;0;0;0;0;1;0;0;0;0;0;0;0;0;0;0
IndHin1989;0;0;0;1;0;0;0;0;0;1;0;1;0;0;0;0;0;0;0;0;0;0;1;0;0;0;0;0;0;0;0;0;0
